{"id":"293356e7-8a27-4165-8d31-9a3294987174","level":0,"callsign":"Cobalt","name":"Sretan Borgelt","player_name":"","status":"Active","dead":false,"text_appearance":"","notes":"","history":"","quirks":[],"current_hp":9,"background":"Mechanic","resistances":[],"mechs":[{"id":"88e5b77e-d016-42e5-b8cb-ede69ff5b528","name":"Cartesian Other","notes":"","gm_note":"","frame":"mf_standard_pattern_i_everest","active":false,"current_structure":4,"current_move":4,"boost":0,"current_hp":10,"overshield":0,"current_stress":4,"current_heat":0,"current_repairs":5,"current_overcharge":0,"current_core_energy":1,"statuses":[],"conditions":[],"resistances":[],"reactions":[],"burn":0,"destroyed":false,"defeat":"","activations":1,"meltdown_imminent":false,"reactor_destroyed":false,"core_active":false,"cc_ver":"ERR","lastModified":"Wed Jun 11 2025 00:57:48 GMT-0500 (Central Daylight Time)","isDeleted":false,"expireTime":"","deleteTime":"","portrait":"","cloud_portrait":"https://d2c79xe1p61csc.cloudfront.net/frames/pre_support_pixel.png","loadouts":[{"id":"b2f3f11a-32a8-4f3a-a4ce-e9ec4f89dee9","name":"Primary","systems":[{"id":"ms_pattern_a_smoke_charges","uses":3,"destroyed":false,"cascading":false,"flavorName":"","flavorDescription":""},{"id":"ms_pattern_a_jericho_deployable_cover","uses":0,"destroyed":false,"cascading":false,"flavorName":"","flavorDescription":""},{"id":"ms_turret_drones","uses":3,"destroyed":false,"cascading":false,"flavorName":"","flavorDescription":"The use of turret drones is a rather traditional form of force multiplication – one that has remained the backbone of defense in many theaters."}],"integratedSystems":[],"mounts":[{"mount_type":"Main","lock":false,"slots":[{"size":"Main","weapon":{"id":"mw_mortar","destroyed":false,"cascading":false,"loaded":true,"mod":null,"flavorName":"","flavorDescription":"Much like GMS mechs, GMS weapons are reliable galactic standards, made using interchangeable parts and built to withstand almost any conditions. There are three lines currently in production.<br>The Type-III (T-3) line is made up of heavy weapons, ordnance, and other exotic, specialized, or massive weapons. A broad classification, the T-3 range includes conventional-kinetic anti-materiel rifles, super-rapid cycling pulse rifles, missile racks, cannons, and drone nexuses – “hive”style launchers that serve as miniature factory, hangar, and deployment systems for portable drones. The classification also includes the fearsome “segment knife”, a system that uses flash-printing to produce disposable edged weapons in a vicinity around the user.","customDamageType":null,"maxUseOverride":0,"uses":0,"selectedProfile":0}}],"extra":[],"bonus_effects":[],"modifiable":true},{"mount_type":"Flex","lock":false,"slots":[{"size":"Flex","weapon":{"id":"mw_pistol","destroyed":false,"cascading":false,"loaded":true,"mod":null,"flavorName":"","flavorDescription":"Much like GMS mechs, GMS weapons are reliable galactic standards, made using interchangeable parts and built to withstand almost any conditions. There are three lines currently in production.<br>The Type-I (T-1) line is defined by powerful, reliable, and conventional-kinetic ranged and melee weapons, including the GMS assault rifle, heavy machine gun, shotgun, pistol, and various light and heavy blades. Reliable galactic standards, the GMS T-1 line is the most widely used mech-scale line of weaponry across the galaxy. Echoing the Everest’s design notes, T-1 weapons are simply designed, with few (if any) moving parts, intended to be used in or adaptable to any environment.","customDamageType":null,"maxUseOverride":0,"uses":0,"selectedProfile":0}}],"extra":[{"size":"Auxiliary","weapon":{"id":"mw_pistol","destroyed":false,"cascading":false,"loaded":true,"mod":null,"flavorName":"","flavorDescription":"Much like GMS mechs, GMS weapons are reliable galactic standards, made using interchangeable parts and built to withstand almost any conditions. There are three lines currently in production.<br>The Type-I (T-1) line is defined by powerful, reliable, and conventional-kinetic ranged and melee weapons, including the GMS assault rifle, heavy machine gun, shotgun, pistol, and various light and heavy blades. Reliable galactic standards, the GMS T-1 line is the most widely used mech-scale line of weaponry across the galaxy. Echoing the Everest’s design notes, T-1 weapons are simply designed, with few (if any) moving parts, intended to be used in or adaptable to any environment.","customDamageType":null,"maxUseOverride":0,"uses":0,"selectedProfile":0}}],"bonus_effects":[],"modifiable":true},{"mount_type":"Heavy","lock":false,"slots":[{"size":"Heavy","weapon":{"id":"mw_heavy_machine_gun","destroyed":false,"cascading":false,"loaded":true,"mod":null,"flavorName":"","flavorDescription":"Much like GMS mechs, GMS weapons are reliable galactic standards, made using interchangeable parts and built to withstand almost any conditions. There are three lines currently in production.<br>The Type-I (T-1) line is defined by powerful, reliable, and conventional-kinetic ranged and melee weapons, including the GMS assault rifle, heavy machine gun, shotgun, pistol, and various light and heavy blades. Reliable galactic standards, the GMS T-1 line is the most widely used mech-scale line of weaponry across the galaxy. Echoing the Everest’s design notes, T-1 weapons are simply designed, with few (if any) moving parts, intended to be used in or adaptable to any environment.","customDamageType":null,"maxUseOverride":0,"uses":0,"selectedProfile":0}}],"extra":[],"bonus_effects":[],"modifiable":true}],"integratedMounts":[],"improved_armament":{"mount_type":"Flex","lock":false,"slots":[{"size":"Flex","weapon":null}],"extra":[{"size":"Auxiliary","weapon":null}],"bonus_effects":[],"modifiable":true},"superheavy_mounting":{"mount_type":"Superheavy","lock":false,"slots":[{"size":"Superheavy","weapon":null}],"extra":[],"bonus_effects":[],"modifiable":true},"integratedWeapon":{"mount_type":"Aux","lock":false,"slots":[{"size":"Auxiliary","weapon":null}],"extra":[],"bonus_effects":[],"modifiable":true},"extraMounts":[],"extraIntegratedMounts":[]}],"active_loadout_index":0}],"special_equipment":{"PilotGear":[],"Frames":[],"MechWeapons":[],"WeaponMods":[],"MechSystems":[],"SystemMods":[]},"combat_history":{"moves":0,"kills":0,"damage":0,"hp_damage":0,"structure_damage":0,"overshield":0,"heat_damage":0,"reactor_damage":0,"overcharge_uses":0,"core_uses":0},"state":{"active_mech_id":"88e5b77e-d016-42e5-b8cb-ede69ff5b528","remote_mech_id":"","stage":"Narrative","turn":1,"actions":2,"braced":false,"overcharged":false,"prepare":false,"bracedCooldown":false,"redundant":false,"stats":{"moves":0,"kills":0,"damage":0,"hp_damage":0,"structure_damage":0,"overshield":0,"heat_damage":0,"reactor_damage":0,"overcharge_uses":0,"core_uses":0},"deployed":[]},"lastModified":"Wed Jun 11 2025 00:57:54 GMT-0500 (Central Daylight Time)","isDeleted":false,"expireTime":"","deleteTime":"","lastUpdate_cloud":"","lastSync":"","skills":[{"id":"sk_blow_something_up","rank":1},{"id":"sk_get_somewhere_quickly","rank":1},{"id":"sk_lead_or_inspire","rank":1},{"id":"sk_patch","rank":1}],"talents":[{"id":"t_leader","rank":1},{"id":"t_heavy_gunner","rank":1},{"id":"t_spotter","rank":1}],"mechSkills":[0,0,0,2],"counter_data":[{"id":"ctr_leader","name":"Leadership Dice","default_value":0,"min":0,"max":6}],"custom_counters":[],"core_bonuses":[],"licenses":[],"reserves":[],"orgs":[],"bondId":"","xp":0,"stress":0,"isBroken":false,"burdens":[],"bondPowers":[],"powerSelections":0,"maxStress":8,"bondAnswers":["",""],"minorIdeal":"","clocks":[],"portrait":"","cloud_portrait":"","loadout":{"id":"6160b4db-74ed-41ed-94f9-51d5488f5516","name":"Primary","armor":[{"id":"pg_heavy_hardsuit","destroyed":false,"uses":0,"cascading":false,"flavorName":"","flavorDescription":"The heaviest hardsuits. They are always powered and up-armored with thick, composite armor. Heavy hardsuits often feature integrated weapons, powerful mobility suites, and – by augmenting their user’s strength – allow their user to field much heavier weapons than normal infantry can typically carry. Heavy hardsuits are in decline now that half-size chassis are popular, but they are still common among private militaries and middle-tier Diasporan armed forces.","customDamageType":null}],"weapons":[{"id":"pg_heavy_signature","destroyed":false,"uses":0,"cascading":false,"flavorName":"","flavorDescription":"Heavy signature weapons are missile tubes, heavy lasers, light machine gun, or exotic rifles.","customDamageType":null},{"id":"pg_medium_signature","destroyed":false,"uses":0,"cascading":false,"flavorName":"","flavorDescription":"Medium signature weapons are assault rifles, shotguns, pack-fed lasers, or disruption guns.","customDamageType":null}],"gear":[{"id":"pg_handheld_printer","destroyed":false,"uses":0,"cascading":false,"flavorName":"","flavorDescription":"A miniaturized version of Union’s full-scale printers, handheld printers can be used to make simple objects out of flexible and durable plastic – as long as you have the right pattern chip.","customDamageType":null},{"id":"pg_tertiary_arm","destroyed":false,"uses":0,"cascading":false,"flavorName":"","flavorDescription":"A powered third arm mounted on a bracket on the hardsuit. Tertiary arms are powered and controlled using the same neural bridge processes that allow hardsuits to respond to user input. They can be equipped with manipulators to allow for fine motor control, weapons to enhance combat efficacy, or specialty tools.","customDamageType":null},{"id":"pg_personal_drone","destroyed":false,"uses":0,"cascading":false,"flavorName":"","flavorDescription":"Small, non-combat drones are a common sight in the field. They’re fairly noisy but can fly about half a mile with good maneuverability before losing signal, relaying audio and visual information as they go.","customDamageType":null}],"extendedWeapons":[null],"extendedGear":[null,null]},"brews":[]}